<mbean name="dcm4chee.web:service=ContentEditService">
<attribute name="UIDRoot"/>
<attribute name="RejectionNoteCode"/>
<attribute name="ForceNewStudyIUIDforRejectionNote"/>
<attribute name="enableRejNote"/>
<attribute name="enableIAN"/>
<attribute name="sendIANonMppsLinked"/>
<attribute name="ForwardModifiedToAETs"/>
<attribute name="EnableForwardOnPatientUpdate"/>
<attribute name="ModifyingSystem"/>
<attribute name="ModifyReason"/>
<attribute name="CoerceConfigDirectory"/>
<attribute name="Dcm14Stylesheet"/>
<attribute name="Dcm2To14XSL"/>
<attribute name="Dcm14To2XSL"/>
<attribute name="AddMwlAttrsToMppsXsl"/>
<attribute name="UpdateMwlStatus"/>
<attribute name="RejectionNoteServiceName"/>
<attribute name="IANScuServiceName"/>
<attribute name="MoveScuServiceName"/>
<attribute name="TemplatesServiceName"/>
<attribute name="StoreScpServiceName"/>
<attribute name="AttributesModificationScuServiceName"/>
<attribute name="QRServiceName"/>
<attribute name="State"/>
</mbean>
