<mbean name="dcm4chee.archive:service=QueryRetrieveScp">
<attribute name="CalledAETitles"/>
<attribute name="CallingAETitles"/>
<attribute name="LocalStorageAETitle"/>
<attribute name="SupplementIssuerOfPatientID"/>
<attribute name="SupplementIssuerOfAccessionNumber"/>
<attribute name="SupplementByHostName"/>
<attribute name="SupplementByHostAddress"/>
<attribute name="AdjustPatientIDOnRetrieval"/>
<attribute name="AdjustAccessionNumberOnRetrieval"/>
<attribute name="DoNotDecompressTransferSyntaxes"/>
<attribute name="SendWithDefaultTransferSyntaxToAETitles"/>
<attribute name="OfferNoPixelDataTransferSyntaxToAETitles"/>
<attribute name="OfferNoPixelDataDeflateTransferSyntaxToAETitles"/>
<attribute name="SendNoPixelDataToAETitles"/>
<attribute name="IgnoreUnsupportedSOPClassFailures"/>
<attribute name="PatchJpegLSwithImplementationClassUID"/>
<attribute name="PatchJpegLSnewImplementationClassUID"/>
<attribute name="PIXQueryCallingAETitles"/>
<attribute name="PIXQueryIssuersOfPatientID"/>
<attribute name="PIXQueryDefaultIssuerOfPatientID"/>
<attribute name="UnrestrictedQueryPermissionsToAETitles"/>
<attribute name="UnrestrictedReadPermissionsToAETitles"/>
<attribute name="UnrestrictedExportPermissionsToAETitles"/>
<attribute name="HideWithoutIssuerOfPatientIDFromAETitles"/>
<attribute name="IgnorableSOPClasses"/>
<attribute name="NoMatchForNoValue"/>
<attribute name="AcceptedStandardSOPClasses"/>
<attribute name="AcceptedTransferSyntaxForStandardSOPClasses"/>
<attribute name="AcceptedPrivateSOPClasses"/>
<attribute name="AcceptedTransferSyntaxForPrivateSOPClasses"/>
<attribute name="MaximumBlockedFindResponse"/>
<attribute name="LogAETitles"/>
<attribute name="CoerceConfigDirectory"/>
<attribute name="WriteCoercionXmlLog"/>
<attribute name="SendPendingCMoveResponse"/>
<attribute name="PendingCMoveResponseInterval"/>
<attribute name="SendPendingCGetResponse"/>
<attribute name="PendingCGetResponseInterval"/>
<attribute name="RetrieveRspStatusForNoMatchingInstanceToRetrieve"/>
<attribute name="ForwardAsMoveOriginator"/>
<attribute name="DirectForwardingList"/>
<attribute name="RecordStudyAccessTime"/>
<attribute name="MaximumUIDsPerMoveRequest"/>
<attribute name="MaximumPDULength"/>
<attribute name="MaximumOperationsInvoked"/>
<attribute name="MaximumOperationsPerformed"/>
<attribute name="MaximumStorageOperationsInvoked"/>
<attribute name="AcceptTimeout"/>
<attribute name="DIMSETimeout"/>
<attribute name="SocketCloseDelay"/>
<attribute name="TcpNoDelay"/>
<attribute name="SendBufferSize"/>
<attribute name="ReceiveBufferSize"/>
<attribute name="BufferSize"/>
<attribute name="RetrieveWithoutLeftJoins"/>
<attribute name="LazyFetchSeriesAttrsOnImageLevelQuery"/>
<attribute name="CacheSeriesAttrsOnImageLevelQuery"/>
<attribute name="AccessBlobAsLongVarBinaryOnQuery"/>
<attribute name="AccessSeriesBlobAsLongVarBinaryOnImageLevelQuery"/>
<attribute name="LazyFetchSeriesAttrsOnRetrieve"/>
<attribute name="CacheSeriesAttrsOnRetrieve"/>
<attribute name="CacheSeriesAttrsOnRetrieveMaxSize"/>
<attribute name="CacheSeriesAttrsOnRetrieveCurrencyTimeLimit"/>
<attribute name="AccessBlobAsLongVarBinaryOnRetrieve"/>
<attribute name="AccessSeriesBlobAsLongVarBinaryOnRetrieve"/>
<attribute name="QueryTransactionIsolationLevel"/>
<attribute name="RetrieveTransactionIsolationLevel"/>
<attribute name="CoerceAttributeTopDown"/>
<attribute name="CFindRspDebugLogDeferToDoBeforeRsp"/>
<attribute name="VerifyMD5OnMakeCStoreRQ"/>
<attribute name="FetchSize"/>
<attribute name="DcmServerName"/>
<attribute name="DicomSecurityServiceName"/>
<attribute name="StgCmtScuScpName"/>
<attribute name="TarRetrieverName"/>
<attribute name="TLSConfigName"/>
<attribute name="AEServiceName"/>
<attribute name="TemplatesServiceName"/>
<attribute name="PerfMonServiceName"/>
<attribute name="PixQueryServiceName"/>
<attribute name="State"/>
</mbean>
